algorithm,
array,
binary,
bit,
boolean,
buffer,
bug,
cache,
character,
class,
compiler,
constant,
data,
database,
debug,
decompile,
encryption,
exception,
function,
gateway,
git,
heap,
html,
http,
inheritance,
integer,
interface,
iteration,
java,
javascript,
kernel,
key,
library,
loop,
machine learning,
method,
module,
network,
object,
operator,
parameter,
parser,
pointer,
polymorphism,
process,
protocol,
python,
query,
queue,
recursion,
reference,
repository,
runtime,
script,
sdk,
semaphore,
server,
socket,
software,
source code,
sql,
stack,
string,
structure,
syntax,
system,
tag,
thread,
token,
url,
variable,
vector,
virtual machine,
web,
widget,
xml,
yield,
zip,
access,
agile,
application,
architecture,
backup,
bandwidth,
binary search,
blockchain,
branch,
browser,
byte,
client,
algorithmic,
backend,
frontend,
cloud,
docker,
framework,
ide,
json,
mvc,
nosql,
algorithmic,
backend,
frontend,
cloud,
docker,
framework,
ide,
json,
mvc,
nosql,
